{
    "train_roc_auc": 0.995258807813087,
    "train_precision": 0.9795108005082592,
    "train_recall": 0.9992303641592741,
    "train_f1": 0.9892723225922881,
    "val_roc_auc": 0.8988285759979668,
    "val_precision": 0.9656909033679572,
    "val_recall": 0.9920776071139854,
    "val_f1": 0.9787064359199298,
    "best_iteration": 756
}